{"timestamp": "06-04-2020-2002", "resnet1202": [{"specific_params": {"type": "dtr", "kind": "fixed", "memory_budget": 10800000000.0, "batch_size": 90, "banishing": true, "batched_eviction_factor": -1.0, "ignore_small_tensor": -1.0, "handle_mutation": true}, "summary": [{"time": {"mean": 568.0957158406576, "median": 569.1897869110107, "std": 4.0921032462769595}, "gpu_time": {"mean": 568.044746907552, "median": 569.13818359375, "std": 4.091720840480047}, "input_mem": {"mean": 1.106944, "median": 1.106944, "std": 0.0}, "model_mem": {"mean": 81.50886399999999, "median": 81.508864, "std": 1.4210854715202004e-14}, "total_mem": {"mean": 10809.142272, "median": 10809.142272, "std": 0.0}}], "command_id": 0}, {"specific_params": {"type": "dtr", "kind": "fixed", "memory_budget": 9600000000.0, "batch_size": 90, "banishing": true, "batched_eviction_factor": -1.0, "ignore_small_tensor": -1.0, "handle_mutation": true}, "summary": [{"time": {"mean": 592.0657157897949, "median": 591.9442176818848, "std": 4.393544438118955}, "gpu_time": {"mean": 592.0137125651041, "median": 591.8924560546875, "std": 4.393741622719813}, "input_mem": {"mean": 1.106944, "median": 1.106944, "std": 0.0}, "model_mem": {"mean": 81.50886399999999, "median": 81.508864, "std": 1.4210854715202004e-14}, "total_mem": {"mean": 9609.140394666665, "median": 9609.140736, "std": 0.0015716166908354974}}], "command_id": 0}, {"specific_params": {"type": "dtr", "kind": "fixed", "memory_budget": 8400000000.0, "batch_size": 90, "banishing": true, "batched_eviction_factor": -1.0, "ignore_small_tensor": -1.0, "handle_mutation": true}, "summary": [{"time": {"mean": 609.7983678181967, "median": 610.1994514465332, "std": 4.745162886848015}, "gpu_time": {"mean": 609.7471557617188, "median": 610.1473388671875, "std": 4.745409087876109}, "input_mem": {"mean": 1.106944, "median": 1.106944, "std": 0.0}, "model_mem": {"mean": 81.50886399999999, "median": 81.508864, "std": 1.4210854715202004e-14}, "total_mem": {"mean": 8409.473194666665, "median": 8409.497599999999, "std": 0.1068429493728717}}], "command_id": 0}, {"specific_params": {"type": "dtr", "kind": "fixed", "memory_budget": 7200000000.0, "batch_size": 90, "banishing": true, "batched_eviction_factor": -1.0, "ignore_small_tensor": -1.0, "handle_mutation": true}, "summary": [{"time": {"mean": 628.0343532562256, "median": 628.6563873291016, "std": 4.718840108997333}, "gpu_time": {"mean": 627.9854085286458, "median": 628.60595703125, "std": 4.717981115674755}, "input_mem": {"mean": 1.106944, "median": 1.106944, "std": 0.0}, "model_mem": {"mean": 81.50886399999999, "median": 81.508864, "std": 1.4210854715202004e-14}, "total_mem": {"mean": 7209.490022399999, "median": 7209.526272, "std": 0.09970612508149762}}], "command_id": 0}, {"specific_params": {"type": "dtr", "kind": "fixed", "memory_budget": 6000000000.0, "batch_size": 90, "banishing": true, "batched_eviction_factor": -1.0, "ignore_small_tensor": -1.0, "handle_mutation": true}, "summary": [{"time": {"mean": 644.9506123860677, "median": 645.1585292816162, "std": 4.286544178848034}, "gpu_time": {"mean": 644.9006632486979, "median": 645.1046142578125, "std": 4.285753567698033}, "input_mem": {"mean": 1.106944, "median": 1.106944, "std": 0.0}, "model_mem": {"mean": 81.50886399999999, "median": 81.508864, "std": 1.4210854715202004e-14}, "total_mem": {"mean": 6009.117696, "median": 6009.123839999999, "std": 0.11151167234332444}}], "command_id": 0}, {"specific_params": {"type": "dtr", "kind": "fixed", "memory_budget": 4800000000.0, "batch_size": 90, "banishing": true, "batched_eviction_factor": -1.0, "ignore_small_tensor": -1.0, "handle_mutation": true}, "summary": [{"time": {"mean": 659.807284673055, "median": 660.3372097015381, "std": 4.57570567202645}, "gpu_time": {"mean": 659.7593790690104, "median": 660.28955078125, "std": 4.5753308851126295}, "input_mem": {"mean": 1.106944, "median": 1.106944, "std": 0.0}, "model_mem": {"mean": 81.50886399999999, "median": 81.508864, "std": 1.4210854715202004e-14}, "total_mem": {"mean": 4809.098103466666, "median": 4809.098752, "std": 0.16326795781089382}}], "command_id": 0}, {"specific_params": {"type": "dtr", "kind": "fixed", "memory_budget": 3600000000.0, "batch_size": 90, "banishing": true, "batched_eviction_factor": -1.0, "ignore_small_tensor": -1.0, "handle_mutation": true}, "summary": [{"time": {"mean": 675.0212669372559, "median": 675.0810146331787, "std": 3.1666642094857282}, "gpu_time": {"mean": 674.9728108723958, "median": 675.0330810546875, "std": 3.1659881106501606}, "input_mem": {"mean": 1.106944, "median": 1.106944, "std": 0.0}, "model_mem": {"mean": 81.50886399999999, "median": 81.508864, "std": 1.4210854715202004e-14}, "total_mem": {"mean": 3609.110562133333, "median": 3609.14176, "std": 0.2510969291977318}}], "command_id": 0}, {"specific_params": {"type": "dtr", "kind": "fixed", "memory_budget": 2400000000.0, "batch_size": 90, "banishing": true, "batched_eviction_factor": -1.0, "ignore_small_tensor": -1.0, "handle_mutation": true}, "summary": [{"time": {"mean": 679.9505392710367, "median": 681.9009780883789, "std": 7.785488095811348}, "gpu_time": {"mean": 679.9019978841146, "median": 681.8529052734375, "std": 7.7847326587622545}, "input_mem": {"mean": 1.106944, "median": 1.106944, "std": 0.0}, "model_mem": {"mean": 81.50886399999999, "median": 81.508864, "std": 1.4210854715202004e-14}, "total_mem": {"mean": 2409.1306325333335, "median": 2409.127424, "std": 0.16771070068742394}}], "command_id": 0}, {"specific_params": {"type": "dtr", "kind": "fixed", "memory_budget": 1200000000.0, "batch_size": 90, "banishing": true, "batched_eviction_factor": -1.0, "ignore_small_tensor": -1.0, "handle_mutation": true}, "summary": [{"time": {"mean": 742.7248318990072, "median": 744.0857887268066, "std": 12.302452416101385}, "gpu_time": {"mean": 742.6757283528646, "median": 744.036376953125, "std": 12.302497570051157}, "input_mem": {"mean": 1.106944, "median": 1.106944, "std": 0.0}, "model_mem": {"mean": 81.50886399999999, "median": 81.508864, "std": 1.4210854715202004e-14}, "total_mem": {"mean": 1208.9456639999999, "median": 1209.077248, "std": 0.23351084589113683}}], "command_id": 0}], "start_time": "Thu Jun  4 20:02:04 2020", "end_time": "Thu Jun  4 20:07:48 2020", "time_delta": "0:05:43.884400"}