{"timestamp": "06-04-2020-2112", "treelstm": [{"specific_params": {"type": "dtr", "kind": "fixed", "memory_budget": 10800000000.0, "batch_size": 100, "extra_params": {"in_dim": 300, "mem_dim": 1090, "dep": 10}, "banishing": true, "batched_eviction_factor": -1.0, "ignore_small_tensor": -1.0, "handle_mutation": true}, "summary": [{"time": {"mean": 2253.5993893941245, "median": 2258.4762573242188, "std": 17.157442314188472}, "gpu_time": {"mean": 2253.562890625, "median": 2258.4384765625, "std": 17.158064116851182}, "input_mem": {"mean": 246.29504, "median": 246.29504, "std": 0.0}, "model_mem": {"mean": 270.97856, "median": 270.97856, "std": 0.0}, "total_mem": {"mean": 10140.043776000002, "median": 10140.043776, "std": 1.8189894035458565e-12}}], "command_id": 0}, {"specific_params": {"type": "dtr", "kind": "fixed", "memory_budget": 9600000000.0, "batch_size": 100, "extra_params": {"in_dim": 300, "mem_dim": 1090, "dep": 10}, "banishing": true, "batched_eviction_factor": -1.0, "ignore_small_tensor": -1.0, "handle_mutation": true}, "summary": [{"time": {"mean": 2497.3075230916343, "median": 2502.871513366699, "std": 22.86370708602201}, "gpu_time": {"mean": 2497.268798828125, "median": 2502.830078125, "std": 22.863937748257765}, "input_mem": {"mean": 246.29504, "median": 246.29504, "std": 0.0}, "model_mem": {"mean": 270.97856, "median": 270.97856, "std": 0.0}, "total_mem": {"mean": 9613.482564266666, "median": 9613.54496, "std": 0.2268614064009702}}], "command_id": 0}, {"specific_params": {"type": "dtr", "kind": "fixed", "memory_budget": 8400000000.0, "batch_size": 100, "extra_params": {"in_dim": 300, "mem_dim": 1090, "dep": 10}, "banishing": true, "batched_eviction_factor": -1.0, "ignore_small_tensor": -1.0, "handle_mutation": true}, "summary": [{"time": {"mean": 2814.1290028889975, "median": 2830.00111579895, "std": 42.635462593196536}, "gpu_time": {"mean": 2814.093538411458, "median": 2829.962890625, "std": 42.635332350266566}, "input_mem": {"mean": 246.29504, "median": 246.29504, "std": 0.0}, "model_mem": {"mean": 270.97856, "median": 270.97856, "std": 0.0}, "total_mem": {"mean": 8413.210350933334, "median": 8413.385215999999, "std": 0.4263213788765767}}], "command_id": 0}, {"specific_params": {"type": "dtr", "kind": "fixed", "memory_budget": 7200000000.0, "batch_size": 100, "extra_params": {"in_dim": 300, "mem_dim": 1090, "dep": 10}, "banishing": true, "batched_eviction_factor": -1.0, "ignore_small_tensor": -1.0, "handle_mutation": true}, "summary": [{"time": {"mean": 3112.2737725575766, "median": 3124.298334121704, "std": 31.122680455457907}, "gpu_time": {"mean": 3112.242399088542, "median": 3124.26904296875, "std": 31.123399117275554}, "input_mem": {"mean": 246.29504, "median": 246.29504, "std": 0.0}, "model_mem": {"mean": 271.00928, "median": 270.97856, "std": 0.07832093972877655}, "total_mem": {"mean": 7213.438088533333, "median": 7213.509631999999, "std": 0.39760890477985256}}], "command_id": 0}, {"specific_params": {"type": "dtr", "kind": "fixed", "memory_budget": 6000000000.0, "batch_size": 100, "extra_params": {"in_dim": 300, "mem_dim": 1090, "dep": 10}, "banishing": true, "batched_eviction_factor": -1.0, "ignore_small_tensor": -1.0, "handle_mutation": true}, "summary": [{"time": {"mean": 3475.7065296173096, "median": 3492.1226501464844, "std": 34.42913450688582}, "gpu_time": {"mean": 3475.680110677083, "median": 3492.09619140625, "std": 34.429831837208575}, "input_mem": {"mean": 246.29504, "median": 246.29504, "std": 0.0}, "model_mem": {"mean": 270.97856, "median": 270.97856, "std": 0.0}, "total_mem": {"mean": 6013.473314133333, "median": 6013.538815999999, "std": 0.3376683781301623}}], "command_id": 0}, {"specific_params": {"type": "dtr", "kind": "fixed", "memory_budget": 4800000000.0, "batch_size": 100, "extra_params": {"in_dim": 300, "mem_dim": 1090, "dep": 10}, "banishing": true, "batched_eviction_factor": -1.0, "ignore_small_tensor": -1.0, "handle_mutation": true}, "summary": [{"time": {"mean": 3772.1298376719155, "median": 3773.5249996185303, "std": 38.57163384708757}, "gpu_time": {"mean": 3772.104248046875, "median": 3773.5009765625, "std": 38.5724858952814}, "input_mem": {"mean": 246.29504, "median": 246.29504, "std": 0.0}, "model_mem": {"mean": 270.97856, "median": 270.97856, "std": 0.0}, "total_mem": {"mean": 4813.831168, "median": 4813.916671999999, "std": 0.21368363602053086}}], "command_id": 0}], "start_time": "Thu Jun  4 21:12:01 2020", "end_time": "Thu Jun  4 21:19:22 2020", "time_delta": "0:07:21.497590"}